size,method,median_s,stdev_s,min_s,max_s,bytes_uncompressed,throughput_MBps,reps
100MB,rag_inprocess,0.559008,0.022436,0.549573,0.603902,128252756,229.43,5
100MB,rag_flight_localhost,0.580963,0.010293,0.570941,0.594454,128252756,220.76,5
500MB,rag_inprocess,2.852008,0.218036,2.744412,3.305521,641219580,224.83,5
500MB,rag_flight_localhost,2.738319,2.148538,2.662819,7.641493,641219580,234.17,5
