size,method,median_s,stdev_s,min_s,max_s,bytes_uncompressed,throughput_MBps,reps
100MB,uproot_naive,0.247774,0.03136,0.232746,0.313064,146002524,589.26,5
100MB,uproot_fast,0.249572,0.018636,0.2382,0.284573,146002524,585.01,5
100MB,rag_pybind11,0.592037,0.035148,0.582628,0.66839,128252756,216.63,5
500MB,uproot_naive,1.466187,0.109278,1.358581,1.648388,729968372,497.87,5
500MB,uproot_fast,1.585266,0.324657,1.396446,2.065068,729968372,460.47,5
500MB,rag_pybind11,4.450262,2.887286,3.460634,10.570946,641219580,144.09,5
